x,Trapezoid,Simpson,Actual J0
0.0,3.141592653589793,3.141592653589793,1.0
0.01,3.141514114264326,3.141514114264326,0.9999750001562495
0.02,3.1412785021783285,3.1412785021783285,0.9999000024999721
0.03,3.1408858350025235,3.1408858350025235,0.9997750126559338
0.04,3.140336142186478,3.1403361421864786,0.9996000399982221
0.05,3.139629464956153,3.139629464956153,0.9993750976494685
0.06,3.138765856310461,3.138765856310461,0.999100202479751
0.07,3.137745381016858,3.137745381016858,0.9987753751051911
0.08,3.1365681156059404,3.1365681156059404,0.9984006398862336
0.09,3.135234148365069,3.135234148365069,0.997976024925619
0.1,3.133743579331014,3.133743579331014,0.99750156206604
0.11,3.132096520281618,3.132096520281618,0.9969772868874885
0.12,3.130293094726479,3.130293094726479,0.9964032387042916
0.13,3.1283334378966647,3.1283334378966643,0.995779460561834
0.14,3.126217696733438,3.1262176967334376,0.9951059992329728
0.15,3.1239460298760178,3.1239460298760178,0.99438290521414
0.16,3.1215186076483596,3.12151860764836,0.9936102327211341
0.17,3.118935612044964,3.1189356120449636,0.9927880396846039
0.18,3.1161972367157107,3.1161972367157107,0.991916387745221
0.19,3.1133036869497297,3.1133036869497297,0.9909953422485444
0.2,3.110255179658292,3.110255179658292,0.9900249722395763
0.21,3.107051943356742,3.1070519433567414,0.9890053504570099
0.22,3.103694218145456,3.103694218145456,0.9879365533271691
0.23,3.100182255689845,3.1001822556898446,0.9868186609576419
0.24,3.0965163191993845,3.0965163191993845,0.9856517571306065
0.25,3.0926966834056917,3.092696683405692,0.9844359292958528
0.26,3.088723634539638,3.0887236345396376,0.9831712685634965
0.27,3.084597470307507,3.084597470307507,0.9818578696963913
0.28,3.080318499866199,3.080318499866199,0.9804958311022347
0.29,3.0758870437974792,3.0758870437974792,0.9790852548253719
0.3,3.071303434081275,3.071303434081275,0.9776262465382961
0.31,3.0665680140680305,3.0665680140680305,0.9761189155328477
0.32,3.06168113845011,3.06168113845011,0.9745633747111131
0.33,3.0566431732322594,3.05664317323226,0.9729597405760214
0.34,3.051454495701128,3.051454495701128,0.9713081332216423
0.35000000000000003,3.046115494393849,3.046115494393849,0.9696086763231875
0.36,3.040626569065692,3.040626569065692,0.9678614971267102
0.37,3.0349881306567728,3.0349881306567728,0.966066726438513
0.38,3.029200601257842,3.029200601257842,0.9642244986142539
0.39,3.023264414075144,3.0232644140751437,0.9623349515477638
0.4,3.0171800133943494,3.0171800133943494,0.9603982266595634
0.41000000000000003,3.0109478545435744,3.010947854543574,0.9584144688850939
0.42,3.0045684038554743,3.004568403855474,0.9563838266626494
0.43,2.9980421386284304,2.99804213862843,0.9543064519210239
0.44,2.9913695470868227,2.9913695470868227,0.952182500066864
0.45,2.9845511283403967,2.9845511283403963,0.9500121299717358
0.46,2.977587392342726,2.977587392342726,0.9477955039589033
0.47000000000000003,2.970478859848777,2.9704788598487766,0.9455327877898201
0.48,2.9632260623715734,2.9632260623715734,0.9432241506503379
0.49,2.9558295421379768,2.9558295421379763,0.9408697651366255
0.5,2.9482898520435667,2.9482898520435667,0.938469807240813
0.51,2.9406075556066487,2.9406075556066487,0.9360244563363469
0.52,2.932783226921371,2.932783226921371,0.933533895163072
0.53,2.924817450609975,2.924817450609975,0.9309983098120259
0.54,2.9167108217741644,2.9167108217741644,0.9284178897099647
0.55,2.908463945945612,2.908463945945612,0.9257928276036064
0.56,2.900077439035603,2.900077439035603,0.9231233195436018
0.5700000000000001,2.891551927283815,2.891551927283815,0.9204095648682317
0.58,2.8828880472062477,2.882888047206248,0.9176517661868314
0.59,2.874086445542299,2.874086445542299,0.9148501293629451
0.6,2.865147779200999,2.865147779200999,0.9120048634972107
0.61,2.8560727152064,2.8560727152064,0.9091161809099789
0.62,2.8468619306421297,2.8468619306421297,0.9061842971236629
0.63,2.837516112595121,2.837516112595121,0.9032094308448253
0.64,2.8280359580985035,2.8280359580985035,0.900191803946002
0.65,2.818422174073682,2.818422174073682,0.8971316414472655
0.66,2.8086754772715987,2.8086754772715987,0.8940291714975267
0.67,2.798796594213179,2.7987965942131785,0.8908846253555779
0.68,2.7887862611289753,2.788786261128975,0.8876982373708832
0.6900000000000001,2.7786452238980095,2.7786452238980095,0.8844702449641093
0.7000000000000001,2.768374237985822,2.768374237985822,0.8812008886074052
0.71,2.757974068381725,2.7579740683817247,0.877890411804433
0.72,2.7474454895352762,2.7474454895352767,0.874539061070143
0.73,2.7367892852919766,2.7367892852919766,0.8711470859103068
0.74,2.7260062488281838,2.726006248828184,0.8677147388008016
0.75,2.7150971825852714,2.715097182585272,0.8642422751666485
0.76,2.704062898203017,2.7040628982030164,0.8607299533608133
0.77,2.6929042164522348,2.6929042164522348,0.857178034642761
0.78,2.6816219671666675,2.6816219671666675,0.8535867831567746
0.79,2.670216989174119,2.6702169891741194,0.849956465910038
0.8,2.6586901302268626,2.658690130226862,0.8462873527504801
0.81,2.6470422469313077,2.6470422469313073,0.84257971634439
0.8200000000000001,2.6352742046769473,2.635274204676947,0.8388338321537985
0.8300000000000001,2.6233868775645783,2.6233868775645783,0.8350499784136308
0.84,2.6113811483338187,2.6113811483338183,0.8312284361086343
0.85,2.599257908289904,2.599257908289904,0.8273694889500772
0.86,2.5870180572297974,2.5870180572297974,0.8234734233522281
0.87,2.574662503367593,2.5746625033675925,0.819540528408612
0.88,2.56219216325924,2.5621921632592395,0.815571095868049
0.89,2.5496079617265797,2.5496079617265797,0.8115654201104741
0.9,2.536910831780714,2.536910831780714,0.8075237981225448
0.91,2.524101714544697,2.524101714544697,0.8034465294730333
0.92,2.5111815591755766,2.511181559175576,0.7993339162880118
0.93,2.49815132278577,2.49815132278577,0.7951862632258245
0.9400000000000001,2.485011970363802,2.485011970363802,0.791003877451859
0.9500000000000001,2.4717644746943943,2.4717644746943943,0.7867870686131099
0.96,2.4584098162779275,2.4584098162779275,0.7825361488125407
0.97,2.4449489832492715,2.4449489832492715,0.7782514325832501
0.98,2.4313829712959993,2.4313829712959993,0.7739332368624362
0.99,2.417712783575988,2.417712783575988,0.7695818809651686
1.0,2.403939430634413,2.403939430634413,0.7651976865579665
1.01,2.390063930320144,2.390063930320144,0.7607809776321884
1.02,2.3760873077015545,2.3760873077015545,0.7563320804772314
1.03,2.36201059498174,2.36201059498174,0.7518513236535453
1.04,2.347834831413169,2.3478348314131687,0.7473390379654652
1.05,2.333561063211757,2.333561063211757,0.7427955564338601
1.06,2.3191903434703875,2.319190343470387,0.7382212142686053
1.07,2.3047237320718708,2.3047237320718708,0.7336163488408786
1.08,2.290162295601365,2.290162295601365,0.7289812996552792
1.09,2.2755071072582522,2.2755071072582513,0.7243164083217809
1.1,2.2607592467674866,2.260759246767486,0.7196220185275108
1.11,2.2459198002904213,2.2459198002904213,0.7148984760083659
1.12,2.230989860335116,2.230989860335116,0.7101461285204618
1.1300000000000001,2.21597052566614,2.21597052566614,0.7053653258114237
1.1400000000000001,2.2008629012138736,2.200862901213873,0.7005564195915154
1.1500000000000001,2.1856680979833207,2.1856680979833207,0.695719763504613
1.16,2.170387232962435,2.170387232962435,0.6908557130990248
1.17,2.155021429029969,2.155021429029969,0.6859646257981594
1.18,2.1395718148628613,2.1395718148628613,0.6810468608710438
1.19,2.1240395248431563,2.1240395248431563,0.6761027794026978
1.2,2.1084256989644796,2.108425698964479,0.6711327442643624
1.21,2.0927314827380616,2.0927314827380616,0.6661371200835878
1.22,2.076958027098337,2.076958027098337,0.6611162732141822
1.23,2.061106488308104,2.061106488308104,0.656070571706025
1.24,2.0451780278632747,2.045178027863275,0.6510003852747483
1.25,2.0291738123972123,2.0291738123972123,0.6459060852712852
1.26,2.013095013584661,2.013095013584661,0.6407880446512899
1.27,1.9969428080452893,1.9969428080452891,0.6356466379444353
1.28,1.9807183772468433,1.980718377246843,0.6304822412235853
1.29,1.9644229074079238,1.9644229074079238,0.6252952320738473
1.3,1.948057589400394,1.948057589400394,0.620085989561509
1.31,1.9316236186514284,1.9316236186514284,0.6148548942028581
1.32,1.9151221950452089,1.9151221950452086,0.6096023279328918
1.33,1.8985545228242766,1.8985545228242766,0.6043286740739165
1.34,1.8819218104905526,1.8819218104905526,0.599034317304041
1.35,1.8652252707060275,1.8652252707060275,0.5937196436255657
1.36,1.8484661201931383,1.8484661201931383,0.588385040333271
1.37,1.831645579634833,1.831645579634833,0.583030895982607
1.3800000000000001,1.814764873574337,1.814764873574337,0.5776576003577886
1.3900000000000001,1.797825230314627,1.797825230314627,0.572265544439796
1.4000000000000001,1.7808278818176229,1.780827881817623,0.5668551203742885
1.41,1.7637740636031058,1.7637740636031056,0.5614267214394266
1.42,1.7466650146473675,1.7466650146473675,0.5559807420136125
1.43,1.7295019772816103,1.7295019772816105,0.5505175775431503
1.44,1.7122861970900929,1.7122861970900929,0.5450376245098232
1.45,1.695018922808039,1.6950189228080388,0.5395412803983983
1.46,1.6777014062193185,1.6777014062193185,0.534028943664057
1.47,1.6603349020539047,1.6603349020539044,0.5285010136997536
1.48,1.642920667885119,1.642920667885119,0.5229578908035094
1.49,1.6254599640266756,1.6254599640266756,0.5173999761456396
1.5,1.6079540534295287,1.6079540534295285,0.5118276717359181
1.51,1.5904042015785342,1.5904042015785342,0.5062413803906856
1.52,1.572811676388937,1.572811676388937,0.5006415056998995
1.53,1.5551777481026894,1.5551777481026892,0.49502845199413087
1.54,1.537503689184609,1.5375036891846088,0.4894026243115111
1.55,1.5197907742183911,1.5197907742183911,0.4837644283646311
1.56,1.5020402798024768,1.5020402798024768,0.4781142705073954
1.57,1.4842534844457913,1.4842534844457913,0.47245255770183453
1.58,1.4664316684633585,1.4664316684633585,0.4667796974848779
1.59,1.4485761138718027,1.4485761138718025,0.4610960979350914
1.6,1.4306881042847457,1.4306881042847457,0.45540216763938063
1.61,1.4127689248081077,1.4127689248081077,0.4496983156596651
1.62,1.3948198619353223,1.3948198619353225,0.44398495149952305
1.6300000000000001,1.3768422034424739,1.376842203442474,0.4382624850708135
1.6400000000000001,1.3588372382833662,1.3588372382833662,0.4325313266602748
1.6500000000000001,1.3408062564845318,1.3408062564845318,0.4267918868961057
1.6600000000000001,1.3227505490401916,1.3227505490401916,0.4210445767145301
1.67,1.3046714078071737,1.304671407807174,0.4152898073263474
1.68,1.2865701253997965,1.2865701253997965,0.4095279901834746
1.69,1.268447995084734,1.2684479950847343,0.40375953694547906
1.7,1.250306310675864,1.2503063106758638,0.39798485944610945
1.71,1.2321463664291108,1.2321463664291108,0.3922043696598215
1.72,1.2139694569372939,1.213969456937294,0.3864184796683082
1.73,1.1957768770249886,1.1957768770249888,0.3806276016270328
1.74,1.1775699216434092,1.1775699216434092,0.37483214773176887
1.75,1.1593498857653233,1.159349885765323,0.36903253018515075
1.76,1.1411180642800063,1.141118064280006,0.3632291611632363
1.77,1.122875751888246,1.122875751888246,0.3574224527820859
1.78,1.1046242429974051,1.1046242429974051,0.35161281706435993
1.79,1.0863648316165508,1.0863648316165508,0.3458006659059373
1.8,1.068098811251661,1.068098811251661,0.3399864110425583
1.81,1.0498274748009155,1.0498274748009155,0.3341704640164958
1.82,1.0315521144500845,1.0315521144500845,0.328353236143255
1.83,1.0132740215680154,1.0132740215680156,0.3225351384783069
1.84,0.9949944866022375,0.9949944866022374,0.3167165817838574
1.85,0.9767147989746834,0.9767147989746832,0.3108979764956554
1.86,0.9584362469775438,0.9584362469775438,0.3050797326898414
1.87,0.9401601176692613,0.9401601176692613,0.29926226004984174
1.8800000000000001,0.9218876967706711,0.9218876967706712,0.2934459678333092
1.8900000000000001,0.9036202685612993,0.9036202685612991,0.28763126483911355
1.9000000000000001,0.885359115775828,0.8853591157758279,0.2818185593743854
1.9100000000000001,0.8671055195007348,0.8671055195007348,0.2760082592216156
1.92,0.8488607590711164,0.8488607590711164,0.27020077160581313
1.93,0.8306261119677019,0.8306261119677019,0.2643965031617237
1.94,0.812402853714075,0.8124028537140748,0.2585958599011139
1.95,0.7941922577740972,0.794192257774097,0.25279924718012053
1.96,0.7759955954495563,0.7759955954495564,0.2470070696666712
1.97,0.7578141357780417,0.7578141357780415,0.24121973130797608
1.98,0.7396491454310523,0.7396491454310525,0.23543763529809633
1.99,0.7215018886123571,0.721501888612357,0.22966118404558936
2.0,0.7033736269566007,0.7033736269566008,0.22389077914123562
2.0100000000000002,0.6852656194281794,0.6852656194281794,0.21812682132584865
2.02,0.6671791222203853,0.6671791222203853,0.21236971045817216
2.0300000000000002,0.649115388654826,0.6491153886548258,0.20661984548286472
2.04,0.6310756690811434,0.6310756690811437,0.20087762439857834
2.05,0.613061210777018,0.6130612107770181,0.19514344422612945
2.06,0.5950732578484847,0.5950732578484847,0.18941770097676874
2.07,0.5771130511305653,0.5771130511305653,0.1837007896205504
2.08,0.5591818280882145,0.5591818280882145,0.1779931040548035
2.09,0.5412808227176082,0.5412808227176081,0.1722950370727105
2.1,0.5234112654477596,0.5234112654477598,0.16660698033199026
2.11,0.5055743830424954,0.5055743830424952,0.1609293243236968
2.12,0.48777139850277396,0.48777139850277385,0.15526245834112634
2.13,0.47000353096938374,0.47000353096938374,0.14960677044884432
2.14,0.45227199562599857,0.45227199562599857,0.14396264745182752
2.15,0.43457800360262844,0.4345780036026285,0.1383304748647316
2.16,0.41692276187944605,0.4169227618794459,0.1327106368812781
2.17,0.3993074731910235,0.3993074731910236,0.12710351634377173
2.18,0.38173333593096237,0.38173333593096226,0.12150949471274333
2.19,0.3642015440569482,0.3642015440569483,0.11592895203672801
2.2,0.3467132869962172,0.3467132869962172,0.1103622669221738
2.21,0.3292697495514609,0.32926974955146077,0.10480981650349071
2.22,0.3118721118071599,0.3118721118071599,0.09927197641323551
2.23,0.29452154903637356,0.2945215490363737,0.09374912075244175
2.24,0.2772192316079707,0.27721923160797074,0.0882416220610911
2.25,0.2599663248943346,0.2599663248943347,0.08274985128873401
2.2600000000000002,0.24276398917952458,0.24276398917952463,0.07727417776525741
2.27,0.22561337956792654,0.22561337956792654,0.07181496917180709
2.2800000000000002,0.20851564589337618,0.20851564589337612,0.06637259151186016
2.29,0.1914719326287867,0.19147193262878665,0.060947409082459464
2.3000000000000003,0.17448337879626313,0.17448337879626324,0.055539784445601814
2.31,0.15755111787773907,0.157551117877739,0.050150078399792096
2.32,0.1406762777261127,0.1406762777261127,0.04477864995175818
2.33,0.12385998047691765,0.12385998047691771,0.039425856288334164
2.34,0.10710334246052061,0.10710334246052078,0.034092052748511896
2.35,0.09040747411484978,0.09040747411484967,0.02877759279566174
2.36,0.07377347989867866,0.07377347989867872,0.02348282798993057
2.37,0.057202458205451945,0.057202458205451945,0.018208107960810467
2.38,0.0406955012776794,0.04069550127767929,0.0129537803798904
2.39,0.024253695121886742,0.024253695121886854,0.00772019093378414
2.4,0.007878119424151009,0.007878119424151009,0.002507683297243791
2.41,-0.008430152533795476,-0.008430152533795199,-0.002683400893544375
2.42,-0.02467005395786076,-0.024670053957860816,-0.007852722067474654
2.43,-0.040840524624307706,-0.04084052462430776,-0.012999942744849675
2.44,-0.05694051096185332,-0.056940510961853374,-0.018124727563514426
2.45,-0.07296896613317194,-0.07296896613317189,-0.023226743304798902
2.46,-0.08892485011577267,-0.08892485011577256,-0.0283056589192622
2.47,-0.10480712978226409,-0.10480712978226392,-0.03336114555224225
2.48,-0.12061477897998135,-0.12061477897998102,-0.038392876569200936
2.49,-0.13634677860998728,-0.13634677860998723,-0.04340052758087153
2.5,-0.15200211670542169,-0.15200211670542174,-0.04838377646819804
2.5100000000000002,-0.16757978850921218,-0.167579788509212,-0.05334230340707106
2.52,-0.18307879655111986,-0.18307879655111986,-0.05827579089285237
2.5300000000000002,-0.19849815072413474,-0.19849815072413446,-0.0631839237646922
2.54,-0.2138368683601915,-0.2138368683601914,-0.06806638922963076
2.5500000000000003,-0.22909397430522394,-0.22909397430522377,-0.07292287688648806
2.56,-0.2442685009935266,-0.24426850099352643,-0.07775307874953458
2.57,-0.2593594885214413,-0.2593594885214414,-0.08255668927194613
2.58,-0.27436598472034474,-0.27436598472034485,-0.08733340536903667
2.59,-0.2892870452289367,-0.2892870452289367,-0.09208292644126795
2.6,-0.30412173356483047,-0.3041217335648306,-0.09680495439703836
2.61,-0.31886912119542477,-0.31886912119542454,-0.10149919367524098
2.62,-0.3335282876080671,-0.33352828760806724,-0.10616535126759846
2.63,-0.34809832037948824,-0.34809832037948824,-0.1108031367407636
2.64,-0.3625783152445163,-0.3625783152445162,-0.11541226225819257
2.65,-0.37696737616404863,-0.37696737616404846,-0.11999244260178053
2.66,-0.3912646153922952,-0.3912646153922951,-0.12454339519326606
2.67,-0.40546915354326685,-0.4054691535432669,-0.12906484011539526
2.68,-0.4195801196565252,-0.41958011965652514,-0.13355650013284984
2.69,-0.4335966512621642,-0.4335966512621641,-0.13801810071293225
2.7,-0.4475178944450449,-0.4475178944450452,-0.14244937004601194
2.71,-0.46134300390825284,-0.4613430039082528,-0.14685003906572408
2.72,-0.4750711430357929,-0.475071143035793,-0.15121984146892664
2.73,-0.4887014839545019,-0.4887014839545019,-0.15555851373540708
2.74,-0.5022332075951861,-0.5022332075951859,-0.1598657951473438
2.75,-0.5156655037529658,-0.5156655037529659,-0.1641414278085137
2.7600000000000002,-0.5289975711468384,-0.5289975711468384,-0.16838515666325185
2.77,-0.5422286174784333,-0.5422286174784332,-0.1725967295151543
2.7800000000000002,-0.5553578594899801,-0.5553578594899802,-0.17677589704552923
2.79,-0.5683845230214597,-0.5683845230214595,-0.18092241283158908
2.8000000000000003,-0.5813078430669556,-0.5813078430669554,-0.1850360333643875
2.81,-0.5941270638301814,-0.5941270638301812,-0.18911651806649485
2.82,-0.6068414387791996,-0.6068414387791998,-0.19316362930941483
2.83,-0.6194502307003098,-0.6194502307003098,-0.19717713243073856
2.84,-0.631952711751111,-0.631952711751111,-0.20115679575103407
2.85,-0.6443481635127366,-0.6443481635127368,-0.20510239059047383
2.86,-0.6566358770412483,-0.6566358770412482,-0.20901369128519331
2.87,-0.668815152918194,-0.6688151529181939,-0.2128904752033849
2.88,-0.6808853013003185,-0.6808853013003187,-0.21673252276112043
2.89,-0.6928456419684315,-0.6928456419684315,-0.2205396174379068
2.9,-0.7046955043754173,-0.7046955043754176,-0.22431154579196816
2.91,-0.7164342276933975,-0.7164342276933973,-0.22804809747525734
2.92,-0.728061160860024,-0.7280611608600239,-0.23174906524819272
2.93,-0.7395756626239223,-0.7395756626239225,-0.2354142449941223
2.94,-0.7509771015892559,-0.7509771015892558,-0.239043435733509
2.95,-0.7622648562594314,-0.7622648562594312,-0.24263643963784318
2.96,-0.7734383150799226,-0.7734383150799223,-0.24619306204327304
2.97,-0.7844968764802254,-0.784496876480225,-0.24971311146395983
2.98,-0.7954399489149255,-0.7954399489149253,-0.2531963996051502
2.99,-0.8062669509038924,-0.8062669509038926,-0.25664274137597
3.0,-0.8169773110715783,-0.8169773110715783,-0.2600519549019335
3.0100000000000002,-0.8275704681854366,-0.8275704681854363,-0.2634238615371727
3.02,-0.8380458711934407,-0.8380458711934404,-0.2667582858763798
3.0300000000000002,-0.8484029792607176,-0.8484029792607176,-0.27005505576646793
3.04,-0.8586412618052754,-0.8586412618052752,-0.27331400231794356
3.0500000000000003,-0.8687601985328368,-0.8687601985328368,-0.2765349599159947
3.06,-0.8787592794707668,-0.8787592794707668,-0.27971776623128963
3.0700000000000003,-0.8886380050010994,-0.8886380050010992,-0.2828622622304907
3.08,-0.8983958858926504,-0.8983958858926504,-0.28596829218647535
3.09,-0.9080324433322281,-0.908032443332228,-0.2890357036882709
3.1,-0.9175472089549268,-0.9175472089549269,-0.29206434765069766
3.11,-0.9269397248735073,-0.9269397248735073,-0.2950540783237203
3.12,-0.9362095437068623,-0.9362095437068623,-0.29800475330151
3.13,-0.9453562286075623,-0.9453562286075623,-0.3009162335312107
3.14,-0.9543793532884824,-0.9543793532884823,-0.3037883833214166
3.15,-0.9632785020485054,-0.9632785020485053,-0.30662107035035213
3.16,-0.9720532697973037,-0.9720532697973034,-0.3094141656737613
3.17,-0.9807032620791912,-0.9807032620791913,-0.3121675437324996
3.18,-0.9892280950960559,-0.9892280950960559,-0.3148810823598337
3.19,-0.9976273957293532,-0.9976273957293531,-0.31755466278844197
3.2,-1.0059008015611797,-1.0059008015611801,-0.32018816965712305
3.21,-1.0140479608944077,-1.0140479608944077,-0.32278149101720394
3.22,-1.0220685327718924,-1.0220685327718924,-0.32533451833865495
3.23,-1.0299621869947404,-1.0299621869947404,-0.3278471465159039
3.24,-1.0377286041396492,-1.0377286041396494,-0.33031927387335586
3.25,-1.0453674755753042,-1.0453674755753037,-0.3327508021706116
3.2600000000000002,-1.052878503477843,-1.0528785034778432,-0.3351416366073921
3.27,-1.060261400845382,-1.060261400845382,-0.33749168582815997
3.2800000000000002,-1.0675158915116019,-1.067515891511602,-0.3398008619264458
3.29,-1.074641710158395,-1.074641710158395,-0.3420690804488729
3.3000000000000003,-1.0816386023275748,-1.0816386023275748,-0.3442962603988847
3.31,-1.088506324431641,-1.0885063244316409,-0.346482324240172
3.3200000000000003,-1.0952446437636087,-1.0952446437636087,-0.3486271978998007
3.33,-1.1018533385058922,-1.1018533385058922,-0.3507308107710404
3.34,-1.1083321977382496,-1.1083321977382496,-0.3527930957158929
3.35,-1.114681021444786,-1.114681021444786,-0.3548139890673213
3.36,-1.120899620520012,-1.120899620520012,-0.3567934306311792
3.37,-1.1269878167739664,-1.1269878167739666,-0.3587313636878401
3.38,-1.132945442936391,-1.1329454429363905,-0.3606277349935269
3.39,-1.138772342659967,-1.138772342659967,-0.36248249478134276
3.4,-1.1444683705226102,-1.1444683705226104,-0.36429559676200046
3.41,-1.150033392028826,-1.1500333920288257,-0.3660669981242543
3.42,-1.1554672836101183,-1.1554672836101183,-0.36779665953503055
3.43,-1.1607699326244694,-1.1607699326244691,-0.36948454513926116
3.44,-1.165941237354867,-1.165941237354867,-0.37113062255941565
3.45,-1.1709811070069036,-1.1709811070069036,-0.37273486289473673
3.46,-1.1758894617054314,-1.1758894617054312,-0.37429724072017473
3.47,-1.1806662324902817,-1.1806662324902817,-0.37581773408502656
3.48,-1.1853113613110493,-1.1853113613110493,-0.37729632451127404
3.49,-1.1898248010209387,-1.1898248010209387,-0.37873299699162644
3.5,-1.194206515369678,-1.1942065153696777,-0.38012773998726346
3.5100000000000002,-1.198456478995499,-1.198456478995499,-0.3814805454252838
3.52,-1.2025746774161856,-1.2025746774161856,-0.3827914086958549
3.5300000000000002,-1.206561107019192,-1.206561107019192,-0.3840603286490675
3.54,-1.2104157750508289,-1.210415775050829,-0.38528730759149415
3.5500000000000003,-1.2141386996045265,-1.214138699604526,-0.38647235128245244
3.56,-1.2177299096081666,-1.2177299096081666,-0.3876154689299733
3.5700000000000003,-1.2211894448104947,-1.2211894448104945,-0.388716673186475
3.58,-1.224517355766604,-1.2245173557666038,-0.38977598014414405
3.59,-1.227713703822504,-1.2277137038225043,-0.39079340933002144
3.6,-1.230778561098766,-1.2307785610987658,-0.3917689837007978
3.61,-1.2337120104732509,-1.2337120104732509,-0.39270272963731606
3.62,-1.2365141455629265,-1.2365141455629265,-0.3935946769387823
3.63,-1.239185070704767,-1.2391850707047667,-0.39444485881668695
3.64,-1.241724900935743,-1.241724900935743,-0.39525331188843504
3.65,-1.2441337619719046,-1.2441337619719046,-0.39602007617068824
3.66,-1.246411790186557,-1.2464117901865568,-0.39674519507241773
3.67,-1.248559132587531,-1.248559132587531,-0.3974287153876693
3.68,-1.2505759467935549,-1.2505759467935549,-0.39807068728804273
3.69,-1.2524624010097276,-1.2524624010097278,-0.3986711643148837
3.7,-1.254218674002093,-1.254218674002093,-0.3992302033711912
3.71,-1.255844955071324,-1.255844955071324,-0.399747864713241
3.72,-1.2573414440255153,-1.2573414440255155,-0.40022421194192487
3.73,-1.2587083511520885,-1.2587083511520882,-0.40065931199380794
3.74,-1.2599458971888131,-1.259945897188813,-0.4010532351319052
3.75,-1.2610543132939465,-1.2610543132939465,-0.4014060549361744
3.7600000000000002,-1.2620338410154952,-1.2620338410154952,-0.40171784829373436
3.77,-1.2628847322596015,-1.262884732259601,-0.4019886953888006
3.7800000000000002,-1.2636072492580575,-1.2636072492580577,-0.4022186796923452
3.79,-1.2642016645349534,-1.2642016645349532,-0.4024078879514796
3.8000000000000003,-1.2646682608724569,-1.2646682608724569,-0.40255641017856414
3.81,-1.2650073312757357,-1.2650073312757357,-0.40266433964004034
3.8200000000000003,-1.26521917893702,-1.26521917893702,-0.40273177284499195
3.83,-1.2653041171988098,-1.2653041171988098,-0.4027588095334348
3.84,-1.2652624695162347,-1.2652624695162347,-0.4027455526643345
3.85,-1.2650945694185656,-1.2650945694185656,-0.4026921084033553
3.86,-1.264800760469885,-1.264800760469885,-0.40259858611034094
3.87,-1.2643813962289165,-1.2643813962289165,-0.4024650983265287
3.88,-1.263836840208023,-1.2638368402080227,-0.40229176076149753
3.89,-1.263167465831371,-1.263167465831371,-0.40207869227985094
3.9,-1.2623736563922727,-1.2623736563922727,-0.4018260148876399
3.91,-1.2614558050097018,-1.2614558050097016,-0.4015338537185202
3.92,-1.2604143145839959,-1.2604143145839957,-0.4012023370196522
3.93,-1.2592495977517422,-1.2592495977517424,-0.4008315961373413
3.94,-1.2579620768398578,-1.2579620768398576,-0.40042176550242015
3.95,-1.2565521838188616,-1.2565521838188611,-0.39997298261537545
3.96,-1.2550203602553514,-1.2550203602553514,-0.3994853880312208
3.97,-1.2533670572636826,-1.2533670572636824,-0.39895912534411543
3.98,-1.2515927354568588,-1.2515927354568588,-0.39839434117173195
3.99,-1.2496978648966357,-1.2496978648966357,-0.39779118513937434
4.0,-1.247682925042846,-1.2476829250428463,-0.3971498098638473
4.01,-1.2455484047019483,-1.2455484047019478,-0.39647037093707915
4.0200000000000005,-1.2432948019748025,-1.2432948019748022,-0.39575302690949793
4.03,-1.2409226242036886,-1.2409226242036882,-0.39499793927316684
4.04,-1.2384323879185533,-1.2384323879185533,-0.3942052724446747
4.05,-1.2358246187825124,-1.2358246187825122,-0.3933751937477879
4.0600000000000005,-1.233099851536596,-1.233099851536596,-0.39250787339586307
4.07,-1.230258629943755,-1.230258629943755,-0.391603484474023
4.08,-1.2273015067321242,-1.2273015067321242,-0.3906622029210974
4.09,-1.2242290435375542,-1.2242290435375542,-0.38968420751132976
4.1,-1.2210418108454153,-1.221041810845415,-0.3886696798358537
4.11,-1.2177403879316786,-1.2177403879316784,-0.38761880428393775
4.12,-1.2143253628032822,-1.2143253628032822,-0.38653176802400313
4.13,-1.210797332137783,-1.2107973321377827,-0.385408760984415
4.14,-1.2071569012223065,-1.207156901222306,-0.38424997583404963
4.15,-1.2034046838917958,-1.2034046838917956,-0.38305560796263816
4.16,-1.1995413024665686,-1.199541302466569,-0.38182585546088954
4.17,-1.1955673876891864,-1.1955673876891861,-0.3805609191003968
4.18,-1.1914835786606384,-1.1914835786606384,-0.37926100231332344
4.19,-1.187290522775858,-1.1872905227758577,-0.3779263111718767
4.2,-1.182988875658563,-1.182988875658563,-0.37655705436756765
4.21,-1.1785793010954364,-1.1785793010954366,-0.37515344319025995
4.22,-1.1740624709696497,-1.1740624709696497,-0.37371569150700923
4.23,-1.1694390651937343,-1.1694390651937345,-0.3722440157406961
4.24,-1.1647097716418138,-1.1647097716418138,-0.3707386348484545
4.25,-1.1598752860811907,-1.1598752860811907,-0.3691997702998954
4.26,-1.1549363121033092,-1.1549363121033092,-0.3676276460551313
4.2700000000000005,-1.1498935610540892,-1.1498935610540895,-0.3660224885426008
4.28,-1.1447477519636462,-1.1447477519636462,-0.36438452663669835
4.29,-1.1394996114753926,-1.1394996114753928,-0.36271399163520596
4.3,-1.1341498737745426,-1.1341498737745426,-0.3610111172365352
4.3100000000000005,-1.1286992805160128,-1.1286992805160123,-0.35927613951677834
4.32,-1.1231485807517363,-1.123148580751736,-0.3575092969065712
4.33,-1.117498530857388,-1.117498530857388,-0.35571083016776844
4.34,-1.111749894458535,-1.1117498944585351,-0.35388098236993754
4.3500000000000005,-1.1059034423562157,-1.1059034423562157,-0.3520199988666694
4.36,-1.0999599524519565,-1.0999599524519563,-0.35012812727171005
4.37,-1.093920209672228,-1.0939202096722282,-0.34820561743491535
4.38,-1.087785005892357,-1.087785005892357,-0.3462527214180302
4.39,-1.081555139859891,-1.081555139859891,-0.3442696934702958
4.4,-1.0752314171174318,-1.0752314171174313,-0.34225679000388565
4.41,-1.0688146499249371,-1.0688146499249371,-0.34021426956917483
4.42,-1.0623056571815042,-1.0623056571815046,-0.3381423928298416
4.43,-1.055705264346639,-1.0557052643466387,-0.3360414225378072
4.44,-1.0490143033610155,-1.0490143033610155,-0.33391162350801334
4.45,-1.0422336125667466,-1.0422336125667462,-0.33175326259304205
4.46,-1.0353640366271477,-1.0353640366271475,-0.3295666086575774
4.47,-1.0284064264460318,-1.0284064264460318,-0.3273519325527153
4.48,-1.0213616390865168,-1.0213616390865168,-0.32510950709011904
4.49,-1.0142305376893725,-1.0142305376893725,-0.32283960701602893
4.5,-1.007013991390898,-1.007013991390898,-0.3205425089851215
4.51,-0.9997128752403497,-0.9997128752403497,-0.3182184915342257
4.5200000000000005,-0.9923280701169243,-0.9923280701169244,-0.31586783505589877
4.53,-0.9848604626463014,-0.9848604626463016,-0.3134908217718596
4.54,-0.9773109451167534,-0.9773109451167534,-0.31108773570628667
4.55,-0.9696804153948355,-0.9696804153948355,-0.3086588626589809
4.5600000000000005,-0.9619697768406587,-0.9619697768406587,-0.3062044901783966
4.57,-0.9541799382227582,-0.9541799382227583,-0.3037249075345425
4.58,-0.9463118136325561,-0.9463118136325561,-0.3012204056917554
4.59,-0.9383663223984381,-0.938366322398438,-0.2986912772813491
4.6000000000000005,-0.9303443889994433,-0.9303443889994432,-0.2961378165741411
4.61,-0.9222469429785818,-0.9222469429785817,-0.2935603194528612
4.62,-0.9140749188557777,-0.9140749188557775,-0.2909590833844402
4.63,-0.905829256040458,-0.9058292560404582,-0.2883344073921861
4.64,-0.8975108987437884,-0.8975108987437884,-0.28568659202784696
4.65,-0.8891207958905618,-0.8891207958905618,-0.2830159393435661
4.66,-0.8806599010307578,-0.8806599010307576,-0.2803227528637288
4.67,-0.8721291722507657,-0.8721291722507657,-0.2776073375567048
4.68,-0.8635295720842954,-0.8635295720842955,-0.2748699998064896
4.69,-0.8548620674229728,-0.8548620674229725,-0.2721110473842465
4.7,-0.8461276294266351,-0.8461276294266351,-0.2693307894197527
4.71,-0.8373272334333259,-0.8373272334333258,-0.26652953637275023
4.72,-0.8284618588690091,-0.8284618588690091,-0.2637076000042059
4.73,-0.8195324891570002,-0.8195324891570002,-0.2608652933474833
4.74,-0.8105401116271318,-0.8105401116271316,-0.25800293067942925
4.75,-0.8014857174246494,-0.8014857174246492,-0.25512082749137394
4.76,-0.7923703014188618,-0.7923703014188618,-0.25221930046005386
4.7700000000000005,-0.7831948621115403,-0.7831948621115403,-0.24929866741845402
4.78,-0.773960401545086,-0.7739604015450858,-0.2463592473265772
4.79,-0.7646679252104602,-0.7646679252104602,-0.243401360242137
4.8,-0.7553184419549038,-0.7553184419549037,-0.2404253272911835
4.8100000000000005,-0.7459129638894371,-0.7459129638894371,-0.23743147063866063
4.82,-0.7364525062961635,-0.7364525062961633,-0.23442011345889913
4.83,-0.7269380875353683,-0.7269380875353684,-0.23139157990604556
4.84,-0.7173707289524403,-0.7173707289524403,-0.22834619508443416
4.8500000000000005,-0.7077514547846078,-0.7077514547846078,-0.22528428501890074
4.86,-0.6980812920675126,-0.6980812920675123,-0.2222061766250434
4.87,-0.6883612705416114,-0.6883612705416112,-0.21911219767942974
4.88,-0.6785924225584352,-0.6785924225584352,-0.21600267678975824
4.89,-0.668775782986698,-0.668775782986698,-0.2128779433649714
4.9,-0.6589123891182703,-0.6589123891182703,-0.20973832758532618
4.91,-0.6490032805740298,-0.6490032805740297,-0.20658416037242622
4.92,-0.6390494992095831,-0.639049499209583,-0.20341577335921082
4.93,-0.6290520890208872,-0.629052089020887,-0.20023349885991437
4.94,-0.6190120960497624,-0.6190120960497625,-0.19703766983998952
4.95,-0.608930568289318,-0.608930568289318,-0.19382861988600386
4.96,-0.5988085555892837,-0.5988085555892838,-0.19060668317550497
4.97,-0.5886471095612729,-0.5886471095612728,-0.1873721944468661
4.98,-0.5784472834839732,-0.5784472834839731,-0.1841254889691064
4.99,-0.568210132208284,-0.568210132208284,-0.18086690251169546
5.0,-0.5579367120623918,-0.5579367120623918,-0.1775967713143383
5.01,-0.5476280807568144,-0.5476280807568142,-0.17431543205674924
5.0200000000000005,-0.5372852972894036,-0.5372852972894034,-0.1710232218284141
5.03,-0.5269094218503305,-0.5269094218503307,-0.16772047809834564
5.04,-0.516501515727044,-0.5165015157270438,-0.16440753868483074
5.05,-0.5060626412092273,-0.5060626412092273,-0.1610847417251776
5.0600000000000005,-0.4955938614937542,-0.4955938614937542,-0.15775242564546216
5.07,-0.4850962405896555,-0.48509624058965556,-0.15441092913027796
5.08,-0.47457084322309584,-0.4745708432230958,-0.15106059109248918
5.09,-0.4640187347423831,-0.46401873474238314,-0.14770175064299448
5.1000000000000005,-0.4534409810230089,-0.4534409810230089,-0.1443347470605003
5.11,-0.44283864837273623,-0.4428386483727361,-0.14095991976130928
5.12,-0.4322128034367278,-0.43221280343672774,-0.1375776082691219
5.13,-0.42156451310274545,-0.42156451310274545,-0.13418815218486002
5.14,-0.4108948444064118,-0.4108948444064118,-0.13079189115651124
5.15,-0.400204864436547,-0.400204864436547,-0.12738916484899665
5.16,-0.38949564024059846,-0.38949564024059846,-0.12398031291406754
5.17,-0.37876823873015053,-0.3787682387301504,-0.12056567496022902
5.18,-0.36802372658654836,-0.3680237265865484,-0.11714559052269864
5.19,-0.3572631701666247,-0.3572631701666247,-0.11372039903339848
5.2,-0.34648763540855065,-0.34648763540855065,-0.11029043979098646
5.21,-0.3356981877378049,-0.3356981877378049,-0.10685605193092543
5.22,-0.32489589197328606,-0.32489589197328606,-0.1034175743955978
5.23,-0.31408181223356435,-0.31408181223356435,-0.09997534590446457
5.24,-0.30325701184328935,-0.30325701184328924,-0.09652970492427385
5.25,-0.29242255323974886,-0.29242255323974886,-0.09308098963931788
5.26,-0.2815794978796057,-0.2815794978796057,-0.08962953792174616
5.2700000000000005,-0.27072890614580536,-0.27072890614580536,-0.08617568730193341
5.28,-0.25987183725467344,-0.25987183725467344,-0.08271977493890766
5.29,-0.2490093491631975,-0.2490093491631975,-0.07926213759083718
5.3,-0.2381424984765189,-0.23814249847651886,-0.07580311158558423
5.3100000000000005,-0.22727234035562793,-0.227272340355628,-0.07234303279132362
5.32,-0.21639992842528355,-0.21639992842528352,-0.06888223658723241
5.33,-0.20552631468214713,-0.20552631468214713,-0.06542105783424818
5.34,-0.19465254940316118,-0.194652549403161,-0.06195983084590484
5.3500000000000005,-0.18377968105416187,-0.1837796810541618,-0.05849888935924355
5.36,-0.1729087561987498,-0.17290875619874974,-0.05503856650580481
5.37,-0.16204081940740647,-0.16204081940740644,-0.051579194782699664
5.38,-0.15117691316688675,-0.1511769131668867,-0.04812110602376848
5.39,-0.14031807778988056,-0.14031807778988062,-0.044664631370825145
5.4,-0.129465351324956,-0.12946535132495593,-0.041210101244991186
5.41,-0.11861976946679577,-0.11861976946679577,-0.03775784531812319
5.42,-0.10778236546672249,-0.10778236546672237,-0.034308192484332097
5.43,-0.09695417004353774,-0.09695417004353787,-0.030861470831602355
5.44,-0.08613621129466943,-0.08613621129466933,-0.027418007613509095
5.45,-0.07532951460764306,-0.07532951460764314,-0.02397812922103903
5.46,-0.0645351025718755,-0.06453510257187545,-0.020542161154512885
5.47,-0.05375399489081009,-0.053753994890810106,-0.01711042799561778
5.48,-0.042987208294393564,-0.042987208294393536,-0.013683253379547266
5.49,-0.032235756451907155,-0.032235756451907155,-0.010260959967254922
5.5,-0.021500649885148798,-0.021500649885148798,-0.006843869417819189
5.51,-0.010782895881990079,-0.010782895881989996,-0.0034323023609278557
5.5200000000000005,-8.349841030214078e-05,-8.349841030219629e-05,-2.6578369479770308e-05
5.53,0.010596541967731049,0.010596541967731049,0.0033729840676902773
5.54,0.021256228180921655,0.02125622818092171,0.006766067572965909
5.55,0.03189456673397942,0.03189456673397931,0.010152355906974346
5.5600000000000005,0.042510567792016146,0.042510567792016174,0.013531533995485033
5.57,0.053103245264634114,0.05310324526463403,0.016903287956175635
5.58,0.0636716168896043,0.0636716168896043,0.02026730512526792
5.59,0.07421470431611202,0.0742147043161121,0.023623274084025352
5.6000000000000005,0.08473153318757348,0.08473153318757354,0.026970884685114667
5.61,0.09522113322400891,0.09522113322400891,0.030309828078825884
5.62,0.10568253830397667,0.10568253830397664,0.03363979673915298
5.63,0.11611478654604615,0.11611478654604607,0.036960484489727156
5.64,0.1265169203898126,0.1265169203898124,0.04027158652960498
5.65,0.1368879866764454,0.1368879866764454,0.043572799458907636
5.66,0.14722703672875728,0.14722703672875745,0.04686382130430757
5.67,0.1575331264308004,0.15753312643080042,0.05014435154436486
5.68,0.16780531630696527,0.16780531630696535,0.05341409113470518
5.69,0.17804267160059045,0.17804267160059062,0.056672742533042046
5.7,0.18824426235206485,0.18824426235206498,0.05992000972403747
5.71,0.1984091634764302,0.19840916347643037,0.0631555982440037
5.72,0.20853645484046035,0.20853645484046043,0.06637921520543821
5.73,0.21862522133922346,0.21862522133922335,0.06959056932139433
5.74,0.22867455297211103,0.2286745529721109,0.07278937092968193
5.75,0.23868354491834184,0.2386835449183417,0.07597533201690108
5.76,0.2486512976119149,0.24865129761191487,0.07914816624230053
5.7700000000000005,0.2585769168160218,0.2585769168160217,0.08230758896146341
5.78,0.26845951369689824,0.2684595136968982,0.0854533172498155
5.79,0.2782982048971271,0.2782982048971271,0.08858506992595784
5.8,0.2880921126083638,0.28809211260836387,0.09170256757481618
5.8100000000000005,0.2978403646434968,0.29784036464349684,0.09480553257061025
5.82,0.30754209450822395,0.307542094508224,0.09789368909963742
5.83,0.31719644147205295,0.317196441472053,0.1009667631828727
5.84,0.3268025506387034,0.32680255063870345,0.10402448269837825
5.8500000000000005,0.3363595730159173,0.33635957301591746,0.10706657740352514
5.86,0.34586666558466334,0.34586666558466345,0.11009277895702144
5.87,0.3553229913677407,0.3553229913677407,0.11310282094074965
5.88,0.3647277194977616,0.3647277194977616,0.11609643888140608
5.89,0.37408002528451945,0.37408002528451934,0.11907337027194494
5.9,0.3833790902817301,0.38337909028173023,0.12203335459282282
5.91,0.39262410235314155,0.39262410235314155,0.12497613333304157
5.92,0.4018142557380134,0.40181425573801344,0.12790145001099162
5.93,0.4109487511159481,0.4109487511159482,0.13080905019508843
5.94,0.42002679567108064,0.4200267956710807,0.13369868152420408
5.95,0.4290476031556111,0.429047603155611,0.13657009372789078
5.96,0.4380103939526872,0.43801039395268704,0.13942303864639716
5.97,0.4469143951386181,0.44691439513861797,0.14225727025047122
5.98,0.4557588405444249,0.45575884054442484,0.14507254466095237
5.99,0.46454297081671303,0.46454297081671303,0.147868620168148
6.0,0.4732660334778763,0.4732660334778763,0.15064525725099695
6.01,0.4819272829856094,0.4819272829856094,0.15340221859601288
6.0200000000000005,0.4905259807917388,0.4905259807917389,0.1561392691160107
6.03,0.49906139540035693,0.4990613954003569,0.1588561759686114
6.04,0.5075328024252661,0.507532802425266,0.1615527085745268
6.05,0.5159394846467149,0.5159394846467149,0.1642286386356195
6.0600000000000005,0.524280732067432,0.5242807320674322,0.1668837401527388
6.07,0.5325558419679453,0.5325558419679453,0.1695177894433295
6.08,0.5407641189611931,0.5407641189611933,0.17213056515881534
6.09,0.5489048750464097,0.5489048750464097,0.1747218483017505
6.1000000000000005,0.5569774296622894,0.5569774296622894,0.1772914222427437
6.11,0.5649811097394211,0.5649811097394211,0.17983907273714692
6.12,0.5729152497519953,0.5729152497519951,0.18236458794151558
6.13,0.5807791917687692,0.5807791917687691,0.18486775842983094
6.140000000000001,0.5885722855032957,0.5885722855032955,0.18734837720948766
6.15,0.5962938883634028,0.596293888363403,0.1898062397370448
6.16,0.6039433654999335,0.6039433654999335,0.19224114393373934
6.17,0.6115200898547253,0.6115200898547253,0.19465289020075915
6.18,0.6190234422078378,0.6190234422078378,0.19704128143427518
6.19,0.6264528112240214,0.6264528112240215,0.199406123040234
6.2,0.63380759349842,0.6338075934984198,0.20174722294890432
6.21,0.6410871936015099,0.6410871936015101,0.20406439162918244
6.22,0.6482910241232699,0.6482910241232701,0.20635744210265125
6.23,0.6554185057165731,0.6554185057165729,0.20862618995739257
6.24,0.662469067139803,0.662469067139803,0.2108704533615528
6.25,0.6694421452986962,0.6694421452986965,0.21309005307666076
6.26,0.6763371852873932,0.6763371852873932,0.21528481247069564
6.2700000000000005,0.6831536404287081,0.683153640428708,0.2174545575309043
6.28,0.6898909723136041,0.689890972313604,0.21959911687636807
6.29,0.6965486508398855,0.6965486508398855,0.22171832177031697
6.3,0.7031261542500851,0.7031261542500851,0.223812006132191
6.3100000000000005,0.7096229691685586,0.7096229691685585,0.22588000654944745
6.32,0.7160385906377756,0.7160385906377759,0.22792216228911233
6.33,0.7223725221538128,0.7223725221538128,0.229938315309078
6.34,0.728624275701033,0.7286242757010332,0.23192831026914276
6.3500000000000005,0.734793371785963,0.7347933717859629,0.2338919945417937
6.36,0.7408793394703543,0.7408793394703543,0.23582921822273056
6.37,0.7468817164034369,0.7468817164034369,0.23773983414113237
6.38,0.7528000488533535,0.7528000488533535,0.23962369786966306
6.390000000000001,0.7586338917377762,0.7586338917377763,0.24148066773421772
6.4,0.7643828086537034,0.7643828086537034,0.24331060482340663
6.41,0.7700463719064378,0.7700463719064379,0.24511337299777924
6.42,0.7756241625377363,0.7756241625377363,0.24688883889878485
6.43,0.7811157703531368,0.7811157703531368,0.24863687195747106
6.44,0.786520793948457,0.786520793948457,0.2503573444029181
6.45,0.7918388407354608,0.7918388407354606,0.2520501312704093
6.46,0.7970695269667001,0.7970695269667003,0.2537151104093383
6.47,0.8022124777595185,0.8022124777595185,0.25535216249084913
6.48,0.8072673271192231,0.8072673271192232,0.25696117101521293
6.49,0.8122337179614186,0.8122337179614185,0.25854202231893636
6.5,0.8171113021335092,0.8171113021335091,0.26009460558160646
6.51,0.8218997404353579,0.8218997404353579,0.26161881283246596
6.5200000000000005,0.8265987026391078,0.8265987026391077,0.2631145389567235
6.53,0.8312078675081629,0.8312078675081629,0.26458168170159474
6.54,0.8357269228153286,0.8357269228153288,0.2660201416820769
6.55,0.8401555653601083,0.8401555653601083,0.26742982238645435
6.5600000000000005,0.8444935009851564,0.8444935009851564,0.26881063018153617
6.57,0.8487404445918875,0.8487404445918876,0.2701624743176237
6.58,0.8528961201552421,0.8528961201552422,0.2714852669332119
6.59,0.8569602607376046,0.8569602607376046,0.2727789230594187
6.6000000000000005,0.8609326085018763,0.8609326085018761,0.27404336062414636
6.61,0.8648129147236998,0.8648129147236999,0.2752785004559733
6.62,0.8686009398028416,0.8686009398028417,0.2764842662877762
6.63,0.8722964532737201,0.87229645327372,0.27766058476008215
6.640000000000001,0.875899233815091,0.875899233815091,0.2788073854241512
6.65,0.8794090692588834,0.8794090692588834,0.2799246007447885
6.66,0.8828257565981867,0.8828257565981867,0.28101216610288776
6.67,0.8861491019943926,0.8861491019943925,0.2820700197977034
6.68,0.8893789207834845,0.8893789207834846,0.2830981030488536
6.69,0.8925150374814844,0.8925150374814845,0.284096359998053
6.7,0.8955572857890468,0.8955572857890466,0.28506473771057605
6.71,0.8985055085952094,0.8985055085952093,0.2860031861764501
6.72,0.9013595579802958,0.9013595579802958,0.2869116583113799
6.73,0.9041192952179693,0.9041192952179694,0.28779010995740095
6.74,0.9067845907764439,0.906784590776444,0.2886384998832651
6.75,0.9093553243188478,0.9093553243188479,0.2894567897845566
6.76,0.9118313847027427,0.9118313847027426,0.2902449442835383
6.7700000000000005,0.9142126699787996,0.9142126699787994,0.29100293092873103
6.78,0.9164990873886287,0.9164990873886285,0.2917307201942225
6.79,0.9186905533617729,0.9186905533617727,0.29242828547870964
6.8,0.9207869935118526,0.9207869935118524,0.2930956031042726
6.8100000000000005,0.922788342631875,0.922788342631875,0.29373265231488105
6.82,0.9246945446887032,0.9246945446887034,0.29433941527463336
6.83,0.9265055528166873,0.9265055528166872,0.2949158770657298
6.84,0.9282213293104573,0.9282213293104573,0.2954620256861785
6.8500000000000005,0.9298418456168832,0.9298418456168831,0.29597785204723603
6.86,0.9313670823261991,0.9313670823261992,0.2964633499705817
6.87,0.9327970291622969,0.9327970291622967,0.29691851618522885
6.88,0.9341316849721868,0.9341316849721866,0.2973433503241693
6.890000000000001,0.9353710577146306,0.9353710577146306,0.297737854920756
6.9,0.9365151644479468,0.936515164447947,0.2981020354048201
6.91,0.9375640313169911,0.9375640313169908,0.2984359000985274
6.92,0.9385176935393098,0.9385176935393096,0.2987394602119715
6.93,0.9393761953904771,0.9393761953904771,0.2990127298385051
6.94,0.9401395901886074,0.9401395901886074,0.29925572594981126
6.95,0.9408079402780531,0.9408079402780531,0.29946846839071367
6.96,0.9413813170122857,0.9413813170122857,0.29965097987372774
6.97,0.9418598007359638,0.9418598007359639,0.29980328597335243
6.98,0.9422434807661912,0.9422434807661911,0.2999254151201051
6.99,0.9425324553729654,0.9425324553729653,0.3000173985942973
7.0,0.9427268317588199,0.94272683175882,0.3000792705195556
7.01,0.9428267260376659,0.9428267260376659,0.3001110678560855
7.0200000000000005,0.9428322632128284,0.9428322632128283,0.30011283039368125
7.03,0.9427435771542888,0.9427435771542887,0.30008460074448146
7.04,0.9425608105751293,0.9425608105751295,0.3000264243354711
7.05,0.9422841150071866,0.9422841150071866,0.29993834940073155
7.0600000000000005,0.9419136507759135,0.9419136507759135,0.2998204269734398
7.07,0.941449586974457,0.941449586974457,0.2996727108776162
7.08,0.9408921014369509,0.9408921014369509,0.2994952577196235
7.09,0.940241380711028,0.940241380711028,0.2992881268794176
7.1000000000000005,0.9394976200295556,0.9394976200295556,0.2990513805015501
7.11,0.9386610232815966,0.9386610232815967,0.29878508348592564
7.12,0.9377318029826006,0.9377318029826005,0.2984893034783125
7.13,0.9367101802438258,0.9367101802438259,0.2981641108606103
7.140000000000001,0.935596384741,0.9355963847409998,0.2978095787408738
7.15,0.9343906546822189,0.934390654682219,0.29742578294309485
7.16,0.9330932367750886,0.9330932367750885,0.2970128019967434
7.17,0.9317043861931147,0.9317043861931146,0.296570717126069
7.18,0.9302243665413424,0.9302243665413424,0.2960996122391635
7.19,0.928653449821252,0.928653449821252,0.2955995739167873
7.2,0.9269919163949103,0.9269919163949102,0.2950706914009579
7.21,0.9252400549483866,0.9252400549483865,0.2945130565833052
7.22,0.9233981624544341,0.9233981624544343,0.2939267639931925
7.23,0.921466544134442,0.9214665441344418,0.29331191078560526
7.24,0.919445513419661,0.919445513419661,0.29266859672880924
7.25,0.9173353919117085,0.9173353919117087,0.29199692419177903
7.26,0.9151365093423574,0.9151365093423574,0.29129699813139737
7.2700000000000005,0.9128492035326095,0.9128492035326092,0.2905689260794289
7.28,0.9104738203510641,0.9104738203510637,0.28981281812926823
7.29,0.9080107136715789,0.908010713671579,0.28902878692246287
7.3,0.9054602453302352,0.9054602453302354,0.2882169476350144
7.3100000000000005,0.9028227850816047,0.9028227850816047,0.28737741796345856
7.32,0.9000987105543291,0.9000987105543291,0.2865103181107253
7.33,0.8972884072060119,0.8972884072060118,0.28561577077178046
7.34,0.89439226827743,0.8943922682774301,0.2846939011190512
7.3500000000000005,0.8914106947460707,0.8914106947460705,0.28374483678763557
7.36,0.8883440952789958,0.8883440952789958,0.28276870786029973
7.37,0.88519288618504,0.8851928861850401,0.28176564685226135
7.38,0.8819574913663484,0.8819574913663483,0.28073578869576393
7.390000000000001,0.8786383422692567,0.8786383422692567,0.2796792707244417
7.4,0.8752358778345243,0.8752358778345242,0.2785962326574776
7.41,0.8717505444469138,0.8717505444469137,0.2774868165835548
7.42,0.8681827958841383,0.868182795884138,0.2763511669446052
7.43,0.8645330932651669,0.8645330932651669,0.2751894305193558
7.44,0.8608019049979043,0.8608019049979042,0.27400175640667307
7.45,0.8569897067262428,0.8569897067262426,0.2727882960087106
7.46,0.8530969812764964,0.853096981276496,0.2715492030138569
7.47,0.8491242186032197,0.8491242186032196,0.27028463337949105
7.48,0.8450719157344213,0.8450719157344211,0.2689947453145416
7.49,0.840940576716172,0.840940576716172,0.26767969926185603
7.5,0.8367307125566156,0.8367307125566155,0.2663396578803784
7.51,0.8324428411693905,0.8324428411693905,0.2649747860271402
7.5200000000000005,0.8280774873164645,0.8280774873164645,0.2635852507390632
7.53,0.8236351825503893,0.8236351825503893,0.26217122121458014
7.54,0.8191164651559817,0.8191164651559815,0.2607328687950695
7.55,0.8145218800914362,0.8145218800914362,0.2592703669461123
7.5600000000000005,0.8098519789288758,0.8098519789288758,0.25778389123856815
7.57,0.8051073197943484,0.8051073197943481,0.2562736193294758
7.58,0.8002884673072672,0.8002884673072671,0.25473973094277663
7.59,0.7953959925193153,0.7953959925193153,0.25318240784986656
7.6000000000000005,0.7904304728528049,0.7904304728528047,0.2516018338499762
7.61,0.7853924920385111,0.7853924920385109,0.2499981947503822
7.62,0.7802826400529739,0.7802826400529739,0.24837167834644983
7.63,0.7751015130552859,0.7751015130552856,0.24672247440151202
7.640000000000001,0.7698497133233645,0.7698497133233644,0.245050774626584
7.65,0.7645278491897205,0.7645278491897203,0.2433567726599182
7.66,0.7591365349767203,0.7591365349767201,0.24164066404639709
7.67,0.7536763909313611,0.7536763909313611,0.23990264621677168
7.68,0.7481480431595553,0.7481480431595553,0.2381429184667439
7.69,0.7425521235599342,0.742552123559934,0.23636168193589482
7.7,0.7368892697571792,0.7368892697571792,0.23455913958646438
7.71,0.731160125034883,0.7311601250348829,0.23273549618197983
7.72,0.7253653382679515,0.7253653382679515,0.23089095826573847
7.73,0.7195055638545502,0.7195055638545501,0.22902573413914604
7.74,0.7135814616476059,0.7135814616476059,0.22714003383991252
7.75,0.7075936968858627,0.7075936968858627,0.22523406912010668
7.76,0.7015429401245078,0.7015429401245077,0.223308053424074
7.7700000000000005,0.6954298671653676,0.6954298671653675,0.22136220186621686
7.78,0.6892551589866875,0.6892551589866873,0.2193967312086431
7.79,0.6830195016724918,0.6830195016724917,0.21741185983868033
7.8,0.6767235863415421,0.6767235863415421,0.21540780774626297
7.8100000000000005,0.6703681090758938,0.6703681090758937,0.21338479650119072
7.82,0.6639537708490626,0.6639537708490626,0.21134304923026376
7.83,0.6574812774537997,0.6574812774537997,0.20928279059429228
7.84,0.650951339429495,0.6509513394294949,0.20720424676498866
7.8500000000000005,0.6443646719892039,0.6443646719892038,0.20510764540173906
7.86,0.637721994946314,0.637721994946314,0.2029932156282612
7.87,0.6310240326408494,0.6310240326408493,0.20086118800914543
7.88,0.6242715138654291,0.6242715138654291,0.1987117945262875
7.890000000000001,0.6174651717908803,0.6174651717908801,0.1965452685552099
7.9,0.6106057438915189,0.6106057438915188,0.1943618448412782
7.91,0.6036939718700962,0.6036939718700962,0.1921617594758109
7.92,0.5967306015824301,0.5967306015824299,0.1899452498720882
7.930000000000001,0.5897163829617176,0.5897163829617176,0.18771255474126106
7.94,0.5826520699425477,0.5826520699425477,0.18546391406816248
7.95,0.5755384203846047,0.5755384203846048,0.1831995690870223
7.96,0.5683761959960896,0.5683761959960896,0.18091976225709117
7.97,0.5611661622568509,0.5611661622568509,0.17862473723817285
7.98,0.5539090883412412,0.5539090883412412,0.17631473886606777
7.99,0.5466057470407044,0.5466057470407045,0.17399001312793252
8.0,0.5392569146860977,0.5392569146860977,0.1716508071375539
8.01,0.5318633710697612,0.5318633710697611,0.16929736911054297
8.02,0.5244258993673416,0.5244258993673416,0.1669299483394506
8.03,0.516945286059373,0.5169452860593731,0.16454879516880616
8.040000000000001,0.5094223208526267,0.5094223208526266,0.16215416097008212
8.05,0.5018577966012414,0.5018577966012414,0.1597462981165892
8.06,0.4942525092276246,0.49425250922762454,0.15732545995829816
8.07,0.4866072576431558,0.48660725764315577,0.15489190079659942
8.08,0.478922843668683,0.478922843668683,0.15244587585899588
8.09,0.47120007195482483,0.4712000719548247,0.1499876412737343
8.1,0.4634397499020868,0.4634397499020867,0.14751745404437763
8.11,0.4556426875807979,0.45564268758079784,0.14503557202432033
8.120000000000001,0.4478096976508747,0.4478096976508748,0.1425422538912477
8.13,0.43994159528142857,0.4399415952814285,0.14003775912154684
8.14,0.43203919807020164,0.4320391980702015,0.1375223479646621
8.15,0.42410332596287026,0.42410332596287015,0.1349962814174083
8.16,0.4161348011721987,0.4161348011721987,0.13245982119823696
8.17,0.4081344480970626,0.40813444809706245,0.12991322972146022
8.18,0.400103093241345,0.40010309324134496,0.12735677007143512
8.19,0.39204156513271726,0.39204156513271726,0.12479070597671044
8.2,0.38395069424130657,0.38395069424130657,0.12221530178413774
8.21,0.37583131289826277,0.37583131289826266,0.11963082243295066
8.22,0.3676842552142353,0.3676842552142352,0.1170375334288151
8.23,0.3595103569977503,0.35951035699775036,0.11443570081784785
8.24,0.3513104556735218,0.3513104556735218,0.11182559116061441
8.25,0.3430853902006846,0.3430853902006846,0.1092074715061014
8.26,0.3348360009909647,0.33483600099096467,0.10658160936566964
8.27,0.32656312982679336,0.32656312982679325,0.10394827268698907
8.28,0.31826761977937285,0.3182676197793728,0.10130772982795819
8.290000000000001,0.3099503151267,0.3099503151267001,0.09866024953060999
8.3,0.3016120612715646,0.3016120612715645,0.09600610089501026
8.31,0.293253704659506,0.29325370465950595,0.09334555335314235
8.32,0.2848760926967693,0.2848760926967693,0.09067887664279171
8.33,0.27648007366824273,0.2764800736682427,0.08800634078142446
8.34,0.26806649665539384,0.26806649665539384,0.08532821604006595
8.35,0.2596362114542131,0.25963621145421306,0.08264477291718121
8.36,0.2511900684931682,0.2511900684931681,0.07995628211255897
8.370000000000001,0.24272891875118005,0.24272891875118008,0.07726301450120272
8.38,0.23425361367563324,0.2342536136756333,0.07456524110723255
8.39,0.22576500510040814,0.22576500510040812,0.07186323307779388
8.4,0.21726394516397168,0.2172639451639716,0.06915726165698519
8.41,0.20875128622751246,0.20875128622751238,0.06644759815979943
8.42,0.20022788079313614,0.20022788079313608,0.06373451394608481
8.43,0.191694581422128,0.19169458142212797,0.06101828039452701
8.44,0.1831522406532888,0.18315224065328883,0.058299168876654636
8.45,0.1746017109213538,0.1746017109213538,0.055577450730871274
8.46,0.1660438444754992,0.16604384447549914,0.052853397236515214
8.47,0.15747949329795297,0.15747949329795283,0.05012727958795244
8.48,0.14890950902269579,0.14890950902269579,0.04739936886869846
8.49,0.1403347428542891,0.14033474285428904,0.04466993602558032
8.5,0.13175604548681513,0.13175604548681513,0.04193925184293449
8.51,0.12317426702294548,0.12317426702294552,0.039207586916845644
8.52,0.11459025689314543,0.11459025689314539,0.03647521162942848
8.53,0.10600486377501861,0.10600486377501855,0.03374239612315443
8.540000000000001,0.097418935512802,0.09741893551280202,0.031009410275226103
8.55,0.08883331903702403,0.08883331903702407,0.028276523672003537
8.56,0.08024886028431225,0.08024886028431227,0.0255440055834784
8.57,0.07166640411738863,0.0716664041173886,0.022812124937807557
8.58,0.06308679424523589,0.06308679424523586,0.020081150295901278
8.59,0.0545108731434524,0.054510873143452404,0.01735134982607142
8.6,0.045939481974801126,0.045939481974801195,0.01462299127874128
8.61,0.037373460509959024,0.03737346050995898,0.011896341961219473
8.620000000000001,0.02881364704847432,0.028813647048474205,0.009171668712539792
8.63,0.020260878339946796,0.02026087833994674,0.006449237878372112
8.64,0.011715989505415912,0.011715989505415872,0.0037293152859994554
8.65,0.0031798139589945193,0.0031798139589944777,0.0010121662193731784
8.66,-0.005346816670268388,-0.005346816670268442,-0.0017019446057587012
8.67,-0.013863072616277302,-0.013863072616277339,-0.004412753066644832
8.68,-0.022368126053530016,-0.022368126053529995,-0.007119995658243788
8.69,-0.030861151174497198,-0.030861151174497187,-0.009823409517854922
8.700000000000001,-0.03934132426673852,-0.03934132426673846,-0.012522732449665088
8.71,-0.04780782378973783,-0.04780782378973791,-0.015217702949206165
8.72,-0.0562598304514746,-0.05625983045147461,-0.01790806022772821
8.73,-0.0646965272846913,-0.06469652728469136,-0.020593544236476587
8.74,-0.0731170997228773,-0.07311709972287739,-0.023273895690877937
8.75,-0.08152073567594825,-0.08152073567594836,-0.025948856094629977
8.76,-0.08990662560561949,-0.08990662560561952,-0.02861816776369341
8.77,-0.09827396260046392,-0.09827396260046395,-0.03128157385018374
8.78,-0.10662194245064949,-0.10662194245064954,-0.0339388183661609
8.790000000000001,-0.11494976372235,-0.11494976372234995,-0.036589646207315044
8.8,-0.12325662783181307,-0.12325662783181308,-0.03923380317654201
8.81,-0.1315417391191031,-0.1315417391191031,-0.04187103600741981
8.82,-0.13980430492147947,-0.13980430492147952,-0.044501092387559865
8.83,-0.1480435356464292,-0.14804353564642914,-0.047123720981861
8.84,-0.15625864484433472,-0.15625864484433477,-0.049738671455633286
8.85,-0.16444884928077688,-0.1644488492807769,-0.05234569449761964
8.86,-0.1726133690084605,-0.17261336900846047,-0.05494454184288345
8.870000000000001,-0.1807514274387622,-0.1807514274387622,-0.057534966295589844
8.88,-0.1888622514128842,-0.1888622514128842,-0.060116721751649824
8.89,-0.19694507127262714,-0.19694507127262723,-0.06268956322124826
8.9,-0.2049991209307508,-0.2049991209307508,-0.06525324685124463
8.91,-0.21302363794093337,-0.21302363794093343,-0.06780752994743527
8.92,-0.22101786356731903,-0.22101786356731903,-0.07035217099669809
8.93,-0.22898104285364504,-0.22898104285364498,-0.07288692968898916
8.94,-0.2369124246919445,-0.23691242469194462,-0.07541156693921898
8.950000000000001,-0.24481126189082092,-0.24481126189082097,-0.0779258449089776
8.96,-0.2526768112432752,-0.2526768112432752,-0.08042952702812983
8.97,-0.2605083335941068,-0.2605083335941068,-0.08292237801626934
8.98,-0.268305093906851,-0.26830509390685103,-0.08540416390402075
8.99,-0.27606636133026596,-0.27606636133026596,-0.0878746520542104
9.0,-0.28379140926436053,-0.28379140926436053,-0.09033361118287592
9.01,-0.29147951542595274,-0.29147951542595285,-0.09278081138014167
9.02,-0.2991299619137566,-0.2991299619137567,-0.09521602413092926
9.03,-0.30674203527299115,-0.30674203527299115,-0.0976390223355303
9.040000000000001,-0.3143150265595049,-0.3143150265595047,-0.10004958033001135
9.05,-0.3218482314034058,-0.3218482314034058,-0.10244747390647217
9.06,-0.32934095007220776,-0.32934095007220776,-0.10483248033314616
9.07,-0.3367924875334642,-0.3367924875334643,-0.10720437837433248
9.08,-0.3442021535169,-0.3442021535169001,-0.10956294831018029
9.09,-0.35156926257603227,-0.35156926257603227,-0.11190797195629582
9.1,-0.35889313414927215,-0.3588931341492721,-0.1142392326831989
9.11,-0.3661730926205051,-0.366173092620505,-0.11655651543559938
9.120000000000001,-0.37340846737914424,-0.37340846737914424,-0.11885960675151888
9.13,-0.38059859287964354,-0.38059859287964354,-0.12114829478123039
9.14,-0.3877428087004864,-0.3877428087004864,-0.12342236930603487
9.15,-0.39484045960261716,-0.39484045960261716,-0.12568162175686484
9.16,-0.40189089558733126,-0.40189089558733126,-0.1279258452327049
9.17,-0.40889347195360914,-0.40889347195360914,-0.13015483451884852
9.18,-0.41584754935489343,-0.41584754935489343,-0.13236838610496415
9.19,-0.4227524938553011,-0.42275249385530106,-0.1345662982029947
9.200000000000001,-0.4296076769852696,-0.4296076769852696,-0.13674837076486407
9.21,-0.43641247579662296,-0.43641247579662296,-0.13891440550000916
9.22,-0.4431662729170731,-0.443166272917073,-0.14106420589272844
9.23,-0.4498684566041251,-0.4498684566041251,-0.14319757721933643
9.24,-0.4565184207984033,-0.4565184207984033,-0.14531432656514384
9.25,-0.46311556517638286,-0.4631155651763828,-0.1474142628412361
9.26,-0.46965929520252536,-0.46965929520252536,-0.1494971968010754
9.27,-0.4761490221808148,-0.4761490221808149,-0.15156294105689816
9.28,-0.4825841633056872,-0.4825841633056872,-0.1536113100959333
9.290000000000001,-0.488964141712353,-0.4889641417123529,-0.1556421202964141
9.3,-0.49528838652649876,-0.49528838652649876,-0.1576551899434029
9.31,-0.5015563329133851,-0.501556332913385,-0.15965033924441918
9.32,-0.5077674221263072,-0.5077674221263072,-0.16162739034486143
9.33,-0.5139211015544396,-0.5139211015544395,-0.16358616734324213
9.34,-0.5200168247700451,-0.5200168247700451,-0.16552649630620905
9.35,-0.5260540515750538,-0.5260540515750538,-0.16744820528337748
9.36,-0.5320322480470014,-0.5320322480470014,-0.1693511243219471
9.370000000000001,-0.5379508865843279,-0.5379508865843278,-0.17123508548112643
9.38,-0.5438094459510252,-0.5438094459510251,-0.17309992284634124
9.39,-0.5496074113206464,-0.5496074113206464,-0.17494547254324264
9.4,-0.5553442743196513,-0.5553442743196514,-0.17677157275150818
9.41,-0.5610195330701011,-0.5610195330701009,-0.17857806371842705
9.42,-0.5666326922316909,-0.5666326922316909,-0.18036478777228454
9.43,-0.5721832630431206,-0.5721832630431205,-0.18213158933552545
9.44,-0.5776707633627987,-0.5776707633627985,-0.18387831493771603
9.450000000000001,-0.5830947177088743,-0.5830947177088743,-0.1856048132282815
9.46,-0.5884546572985958,-0.5884546572985958,-0.18731093498903734
9.47,-0.5937501200869971,-0.5937501200869973,-0.1889965331465043
9.48,-0.5989806508049006,-0.5989806508049006,-0.1906614627840006
9.49,-0.604145800996235,-0.604145800996235,-0.19230558115352675
9.5,-0.6092451290546749,-0.609245129054675,-0.19392874768742227
9.51,-0.6142782002595839,-0.6142782002595839,-0.19553082400981203
9.52,-0.6192445868112719,-0.6192445868112717,-0.19711167394782422
9.53,-0.6241438678655551,-0.6241438678655551,-0.19867116354259584
9.540000000000001,-0.6289756295676212,-0.6289756295676212,-0.20020916106004769
9.55,-0.6337394650851905,-0.6337394650851904,-0.20172553700144313
9.56,-0.6384349746409823,-0.6384349746409821,-0.20322016411372248
9.57,-0.6430617655444706,-0.6430617655444706,-0.20469291739960768
9.58,-0.6476194522229338,-0.6476194522229338,-0.20614367412749113
9.59,-0.6521076562517971,-0.6521076562517971,-0.20757231384108785
9.6,-0.6565260063842603,-0.6565260063842603,-0.20897871836887255
9.61,-0.6608741385802132,-0.6608741385802133,-0.21036277183327817
9.620000000000001,-0.6651516960344359,-0.6651516960344359,-0.21172436065967648
9.63,-0.6693583292040759,-0.6693583292040758,-0.21306337358512178
9.64,-0.6734936958354121,-0.6734936958354121,-0.21437970166687034
9.65,-0.6775574609898909,-0.6775574609898909,-0.21567323829067045
9.66,-0.6815492970694399,-0.6815492970694399,-0.21694387917881577
9.67,-0.6854688838410562,-0.6854688838410562,-0.21819152239797673
9.68,-0.6893159084606657,-0.6893159084606658,-0.21941606836679067
9.69,-0.6930900654962546,-0.6930900654962546,-0.2206174198632289
9.700000000000001,-0.6967910569502683,-0.6967910569502682,-0.2217954820317232
9.71,-0.7004185922812768,-0.7004185922812769,-0.22295016239006396
9.72,-0.7039723884249114,-0.7039723884249114,-0.22408137083606489
9.73,-0.707452169814059,-0.7074521698140589,-0.22518901965398871
9.74,-0.7108576683983241,-0.7108576683983241,-0.22627302352074538
9.75,-0.7141886236627508,-0.7141886236627508,-0.22733329951184822
9.76,-0.7174447826458074,-0.7174447826458072,-0.22836976710714144
9.77,-0.7206258999566278,-0.720625899956628,-0.22938234819628586
9.78,-0.7237317377915157,-0.7237317377915157,-0.23037096708401447
9.790000000000001,-0.7267620659497022,-0.726762065949702,-0.23133555049514637
9.8,-0.7297166618483613,-0.7297166618483614,-0.23227602757936747
9.81,-0.7325953105368851,-0.7325953105368851,-0.2331923299157747
9.82,-0.7353978047104087,-0.7353978047104088,-0.23408439151717964
9.83,-0.7381239447225929,-0.738123944722593,-0.2349521488341793
9.84,-0.7407735385976603,-0.7407735385976602,-0.23579554075898498
9.85,-0.7433464020416823,-0.7433464020416822,-0.2366145086290183
9.86,-0.7458423584531242,-0.7458423584531242,-0.23740899623026382
9.870000000000001,-0.7482612389326377,-0.7482612389326375,-0.23817894980038995
9.88,-0.7506028822921058,-0.7506028822921056,-0.23892431803162545
9.89,-0.752867135062945,-0.7528671350629449,-0.23964505207340248
9.9,-0.7550538515036525,-0.7550538515036522,-0.24034110553476037
9.91,-0.7571628936066078,-0.7571628936066079,-0.24101243448650886
9.92,-0.759194131104128,-0.7591941311041279,-0.2416589974631569
9.93,-0.7611474414737693,-0.7611474414737693,-0.24228075546459887
9.94,-0.7630227099428855,-0.7630227099428853,-0.24287767195756743
9.950000000000001,-0.7648198294924353,-0.7648198294924353,-0.24344971287684336
9.96,-0.7665387008600419,-0.7665387008600419,-0.24399684662623058
9.97,-0.7681792325423057,-0.7681792325423058,-0.24451904407929304
9.98,-0.7697413407963698,-0.7697413407963698,-0.2450162785798508
9.99,-0.771224949640738,-0.771224949640738,-0.24548852594224305
10.0,-0.7726299908553459,-0.7726299908553459,-0.24593576445134832
